"Tg_polymer_K","Tg_plas_est_K","theta_fus_est","theta_skin","phi_porosity"
280,275.229357798165,0.998540269734759,0.947304663451427,0.22766349373553
300,294.117647058824,0.994876717748975,0.947113258605285,0.227694732028011
320,312.907431551499,0.982297202414266,0.946456862716679,0.227889986237873
340,331.599479843953,0.941034910733081,0.944305911578736,0.228955946574155
360,350.194552529183,0.822059443332747,0.938102567505388,0.234272822525824
380,368.69340232859,0.573735027581728,0.925114449075463,0.256784616099093
