"template","up1_Mixing_Potential","up1_Blended_Porosity","up1_Blended_Size_um","up1_Blended_WetSkin","up1_Template_Target_Score","up1_Residual_Template_Fraction","up2_d_droplet_um","up2_d10_um","up2_d90_um","up2_d99_um","up2_span","up2_BI_bimodal","up2_D_particle_um","up2_Dp90_um","up2_theta_skin_z","up2_Omega_struct_z","up2_phi_porosity_z","up2_rho_tapped","up2_Tg_product_K","up2_X_moisture","up2_Perm_shell_rel","up2_D_pore_um","up2_solv_retained","up2_f_burst_solv","up2_sigma_y_cake_MPa"
"rigid",387.859516717618,0.0498960366767719,348929.617601494,0.0920369724648906,0.117716804547647,0,42.9285630881182,12.3668639517836,118.455506478608,200.308931070351,2.47128333433988,0.0960853807655223,21.2614466023837,58.4822729290799,0.89918545179552,0.933182916496725,0.0828921595005223,557.495960574941,280.509110577767,0.0011245917621007,1.2829770599646,1.17008465780725,0.0317761762670861,0.0134077646757372,0.339926954764063
"gas",1764.80671459771,5.04914696275662e-05,355256.043117007,0.0920032053286869,5.23055083779811e-05,0,64.7780584802481,19.5875178050077,174.410864003352,293.724385561,2.39005845236241,0.0597014617173566,31.0136817334003,83.5044114798895,0.885147757608417,0.94570254991536,0.0577430801720759,627.029289637222,276.623425706744,0.000985318750615824,1.2829770599646,1.13550476296679,0.036819955166847,0.0100894058113352,0.363385821409844
"surface_weld",387.859516717618,0.0498960366767719,348929.617601494,0.0920369724648906,0.0886605134617521,0.632245692432056,40.8623013254848,11.6575289746783,112.939740353371,190.985002027399,2.47862230205633,0.101329118703966,19.4674771390931,53.6174296623134,0.892706040582528,0.94111640381221,0.0899688830740486,536.753974075064,275.663881337639,0.000985318750615824,2.048911571358,1.10303259603076,0.0352117268028029,0.00856637892096915,0.299573140386499
"capillary_bridge",387.859516717618,0.0498960366767719,348929.617601494,0.0920369724648906,0.100759123551915,0.0177030018126959,38.8502921539786,10.9836807549566,107.5402809775,181.856762719196,2.4853506851339,0.106105238467339,18.5378279484029,51.1390946572184,0.888941523649867,0.933933943949481,0.110252169053138,520.73368305164,275.725937819203,0.000985318750615824,1.29990451307229,1.14778098769982,0.0326504721666665,0.0119489428330343,0.350823506234231
