"template","up1_Mixing_Potential","up1_Blended_Porosity","up1_Blended_Size_um","up1_Blended_WetSkin","up1_Template_Target_Score","up1_Residual_Template_Fraction","up2_d_droplet_um","up2_d10_um","up2_d90_um","up2_d99_um","up2_span","up2_BI_bimodal","up2_D_particle_um","up2_Dp90_um","up2_theta_skin_z","up2_Omega_struct_z","up2_phi_porosity_z","up2_rho_tapped","up2_Tg_product_K","up2_X_moisture","up2_Perm_shell_rel","up2_D_pore_um","up2_solv_retained","up2_f_burst_solv","up2_sigma_y_cake_MPa"
"rigid",114.357251289543,0.0948025707114619,173658.074052859,0.0920705685331543,0.105306532148968,0,11.0656396348191,3.00145898243985,33.2914253423607,69.8039372262485,2.73729918554465,0.418644286392439,7.0987549638614,21.3126741569912,0.891591731247962,0.939325762663918,0.121404798781486,224.006306861887,282.220572111481,0.0105628205105372,1.2829770599646,1.05332381738924,0.271535175330479,0.000184570709969414,0.485883861902879
"gas",1753.20073184914,5.04910445253144e-05,179570.934123141,0.0920032053279591,5.23054994264749e-05,0,16.842387468548,4.67595430552495,49.373478327667,103.022951026419,2.65387102069772,0.369043445615898,10.5091169512082,30.808565355551,0.870015586138869,0.935302436524007,0.0903577389744308,264.183273189642,261.727610928431,0.0319116471829609,1.2829770599646,1.0513980713478,0.304344459002828,0.000141565782872065,0.430279616562726
"surface_weld",114.357251289543,0.0948025707114619,173658.074052859,0.0920705685331543,0.0886605135158816,0.632245692432056,10.2736891022279,2.78016989514991,31.0195769532114,65.089864500159,2.74871146839918,0.42548006331203,6.32809176394093,19.0680337420534,0.858949582782999,0.947014384486384,0.104784840733317,213.038183972478,275.549739153539,0.000285386268495863,3.7071659338073,0.975347498354701,0.283599841455726,8.39941624034393e-05,0.303296043139061
"capillary_bridge",114.357251289543,0.0948025707114619,173658.074052859,0.0920705685331543,0.100759123613431,0.0177030018126959,9.43961770458433,2.54466727019816,28.6980624929035,60.2750643133967,2.77059898410971,0.436901607044873,5.85199587764834,17.7557907030356,0.891509455056249,0.938896232656432,0.158793227932416,194.702425818697,273.332194139836,0.00414263389429476,1.32166694416455,1.05096039126769,0.250349112190886,0.000290056343690459,0.440467618234978
