"template","up1_Mixing_Potential","up1_Blended_Porosity","up1_Blended_Size_um","up1_Blended_WetSkin","up1_Template_Target_Score","up1_Residual_Template_Fraction","up2_d_droplet_um","up2_d10_um","up2_d90_um","up2_d99_um","up2_span","up2_BI_bimodal","up2_D_particle_um","up2_Dp90_um","up2_theta_skin_z","up2_Omega_struct_z","up2_phi_porosity_z","up2_rho_tapped","up2_Tg_product_K","up2_X_moisture","up2_Perm_shell_rel","up2_D_pore_um","up2_solv_retained","up2_f_burst_solv","up2_sigma_y_cake_MPa"
"rigid",114.357251289543,0.0948025707114619,285125.888325401,0.0920705685331543,0.105306532148968,0,13.2003571314626,3.61982859843857,39.1686080515167,81.9102399980859,2.69301649183028,0.392468863084146,8.25335679689166,24.473737233752,0.491416262629304,0.949342579605136,0.0295041267626053,270.570454833218,285.793325736676,0.00653042911223651,1.2829770599646,1.28942060407912,0.271535175330479,0.000263831205642873,0.274498717007985
"gas",1753.20073184914,5.04910445253144e-05,294834.100928461,0.0920032053279591,5.23054994264749e-05,0,16.8793179375205,4.68627019346156,49.4810926390373,103.247381571254,2.65382894091962,0.369022007037829,10.2781689590538,30.1311620190487,0.439849502512443,0.954613037884059,0.0212152356669965,294.198831961926,273.921510563434,0.0163120446056222,1.2829770599646,1.27491157168527,0.304344459002828,0.000174477034621953,0.244867809638605
"surface_weld",114.357251289543,0.0948025707114619,285125.888325401,0.0920705685331543,0.0886605135158816,0.632245692432056,12.2071322466526,3.33636006175853,36.3569377060776,76.091666059429,2.70502334021767,0.399918397425908,7.38273374449206,21.9724860596297,0.417299655263665,0.96835810244462,0.0345668837756997,251.461303047263,275.753483948615,6.45303295969233e-05,3.7071659338073,1.19902909134348,0.283599841455726,8.28509935758706e-05,0.164248815651143
"capillary_bridge",114.357251289543,0.0948025707114619,285125.888325401,0.0920705685331543,0.100759123613431,0.0177030018126959,11.2057927089296,3.04748605285782,33.592864890466,70.3763906905284,2.72585613807288,0.41145450592466,6.75188611422788,20.226765680729,0.488791746014483,0.951960638440083,0.066048261908726,236.071504241895,275.324443337095,0.00193049399758843,1.32166694416455,1.28013136250189,0.250349112190886,0.000433216504296774,0.241544356931607
