"template","up1_Mixing_Potential","up1_Blended_Porosity","up1_Blended_Size_um","up1_Blended_WetSkin","up1_Template_Target_Score","up1_Residual_Template_Fraction","up2_d_droplet_um","up2_d10_um","up2_d90_um","up2_d99_um","up2_span","up2_BI_bimodal","up2_D_particle_um","up2_Dp90_um","up2_theta_skin_z","up2_Omega_struct_z","up2_phi_porosity_z","up2_rho_tapped","up2_Tg_product_K","up2_X_moisture","up2_Perm_shell_rel","up2_D_pore_um","up2_solv_retained","up2_f_burst_solv","up2_sigma_y_cake_MPa"
"rigid",200.382921485702,0.0720475654839807,393615.41710324,0.0920531940362232,0.111531774681172,0,42.4387703389903,12.1951326049517,116.96935420412,197.717894968929,2.46883264435463,0.0965829836482698,23.6749580090375,64.9719635112795,0.0990685372147155,0.993038337307347,0.0166590482645572,234.743022402408,250.599023515123,0.39031702516987,1.2829770599646,1.11992198389101,0.601687180182857,0,0.272018746198535
"gas",1759.46314299245,5.04912893303217e-05,403860.925269258,0.0920032053283418,5.23055045814624e-05,0,66.8412995288405,20.1098969294973,178.987480231455,300.994282517366,2.37693737886418,0.0592089693344674,36.1269422402587,96.7436714684615,0.0902184065123558,0.994960207656987,0.00342796855254837,259.338343841221,247.848239737109,0.600117028382338,1.2829770599646,1.10152882309012,0.601687180182857,0,0.281948075521094
"surface_weld",200.382921485702,0.0720475654839807,393615.41710324,0.0920531940362232,0.0886605134876703,0.632245692432056,39.7207380273845,11.2771483536625,109.700121646365,185.434345239795,2.47787372996059,0.10305103864085,21.248145247179,58.41322608781,0.0845505305149641,0.995098097888952,0.0194306939699871,223.749831406045,231.89789403444,0.280411550333787,2.73765219837376,1.08482492931884,0.601687180182857,0,0.207210669893485
"capillary_bridge",200.382921485702,0.0720475654839807,393615.41710324,0.0920531940362232,0.10075912358137,0.0177030018126959,36.9085064769724,10.3228322347736,102.189297958041,172.743245469734,2.48903232593777,0.110934347139806,19.5850651273931,53.9889293370308,0.0921477961423358,0.993568153866773,0.0246206069229142,221.400706402646,231.755528195494,0.320155998539409,1.31049514860939,1.10522234620621,0.601687180182857,0,0.273505534129673
