"template","up1_Mixing_Potential","up1_Blended_Porosity","up1_Blended_Size_um","up1_Blended_WetSkin","up1_Template_Target_Score","up1_Residual_Template_Fraction","up2_d_droplet_um","up2_d10_um","up2_d90_um","up2_d99_um","up2_span","up2_BI_bimodal","up2_D_particle_um","up2_Dp90_um","up2_theta_skin_z","up2_Omega_struct_z","up2_phi_porosity_z","up2_rho_tapped","up2_Tg_product_K","up2_X_moisture","up2_Perm_shell_rel","up2_D_pore_um","up2_solv_retained","up2_f_burst_solv","up2_sigma_y_cake_MPa"
"rigid",387.859516717618,0.0498960366767719,348929.617601494,0.0920369724648906,0.117716804547647,0,42.9285630881182,12.3668639517836,118.455506478608,200.308931070351,2.47128333433988,0.0960853807655223,21.1527784191983,58.1608262809042,0.745031578144413,0.944328371473468,0.0684580832546407,568.39325214535,280.509110577767,0.0011245917621007,1.2829770599646,1.15420966659299,0.0317761762670861,0.0106865615713124,0.339926954764063
"gas",1764.80671459771,5.04914696275662e-05,355256.043117007,0.0920032053286869,5.23055083779811e-05,0,64.7780584802481,19.5875178050077,174.410864003352,293.724385561,2.39005845236241,0.0597014617173566,30.8590024297806,83.0878842771254,0.712499743195581,0.956001419816637,0.0435025002833419,638.865731859936,276.623425706744,0.000985318750615824,1.2829770599646,1.11760670993558,0.036819955166847,0.00773588447195083,0.363385821409844
"surface_weld",387.859516717618,0.0498960366767719,348929.617601494,0.0920369724648906,0.0886605134617521,0.632245692432056,40.8623013254848,11.6575289746783,112.939740353371,190.985002027399,2.47862230205633,0.101329118703966,19.3423271848033,53.2449236379869,0.702580151204315,0.953490443569739,0.0718876119067084,549.505971621858,275.663881337639,0.000985318750615824,2.048911571358,1.08484248328349,0.0352117268028029,0.00607989295926121,0.299573140386499
"capillary_bridge",387.859516717618,0.0498960366767719,348929.617601494,0.0920369724648906,0.100759123551915,0.0177030018126959,38.8502921539786,10.9836807549566,107.5402809775,181.856762719196,2.4853506851339,0.106105238467339,18.4134669470278,50.7738474633748,0.720558102666349,0.946139191403835,0.0918549474709718,533.414867829381,275.725937819203,0.000985318750615824,1.29990451307229,1.13034435836291,0.0326504721666665,0.00923930453408132,0.350823506234231
