"template","up1_Mixing_Potential","up1_Blended_Porosity","up1_Blended_Size_um","up1_Blended_WetSkin","up1_Template_Target_Score","up1_Residual_Template_Fraction","up2_d_droplet_um","up2_d10_um","up2_d90_um","up2_d99_um","up2_span","up2_BI_bimodal","up2_D_particle_um","up2_Dp90_um","up2_theta_skin_z","up2_Omega_struct_z","up2_phi_porosity_z","up2_rho_tapped","up2_Tg_product_K","up2_X_moisture","up2_Perm_shell_rel","up2_D_pore_um","up2_solv_retained","up2_f_burst_solv","up2_sigma_y_cake_MPa"
"rigid",387.859516717618,0.0498960366767719,348929.617601494,0.0920369724648906,0.117716804547647,0,42.9285630881182,12.3668639517836,118.455506478608,200.308931070351,2.47128333433988,0.0960853807655223,20.7976143233261,57.0950371201855,0.0955153163343134,0.993332030557837,0.0189487123376153,366.405011698343,250.599023515123,0.390720368025783,1.2829770599646,1.03182793765726,0.601687180182857,0,0.340406675579035
"gas",1764.80671459771,5.04914696275662e-05,355256.043117007,0.0920032053286869,5.23055083779811e-05,0,64.7780584802481,19.5875178050077,174.410864003352,293.724385561,2.39005845236241,0.0597014617173566,30.4372884092878,81.9522358777104,0.0871095525574229,0.995003673433108,0.00319037965979836,406.276740429165,247.848239737109,0.581533007123322,1.2829770599646,0.999483438828113,0.601687180182857,0,0.36373289251499
"surface_weld",387.859516717618,0.0498960366767719,348929.617601494,0.0920369724648906,0.0886605134617521,0.632245692432056,40.8623013254848,11.6575289746783,112.939740353371,190.985002027399,2.47862230205633,0.101329118703966,19.0112199457984,52.2488583159151,0.0841126715514855,0.994740413521334,0.0215553922626766,352.944740346888,237.356271803003,0.310075188421198,2.048911571358,0.993086899019531,0.601687180182857,0,0.297385137097832
"capillary_bridge",387.859516717618,0.0498960366767719,348929.617601494,0.0920369724648906,0.100759123551915,0.0177030018126959,38.8502921539786,10.9836807549566,107.5402809775,181.856762719196,2.4853506851339,0.106105238467339,17.9843328728598,49.5160103939067,0.0883994796762801,0.993860014840624,0.0243640658840004,349.446009520334,237.279377008797,0.337868633968794,1.29990451307229,1.01123561807885,0.601687180182857,0,0.348489345291189
