"template","up1_Mixing_Potential","up1_Blended_Porosity","up1_Blended_Size_um","up1_Blended_WetSkin","up1_Template_Target_Score","up1_Residual_Template_Fraction","up2_d_droplet_um","up2_d10_um","up2_d90_um","up2_d99_um","up2_span","up2_BI_bimodal","up2_D_particle_um","up2_Dp90_um","up2_theta_skin_z","up2_Omega_struct_z","up2_phi_porosity_z","up2_rho_tapped","up2_Tg_product_K","up2_X_moisture","up2_Perm_shell_rel","up2_D_pore_um","up2_solv_retained","up2_f_burst_solv","up2_sigma_y_cake_MPa"
"rigid",387.859516717618,0.0498960366767719,348929.617601494,0.0920369724648906,0.117716804547647,0,42.9285630881182,12.3668639517836,118.455506478608,200.308931070351,2.47128333433988,0.0960853807655223,21.1515753563699,58.1568871868817,0.745031578144413,0.944425393078907,0.0682927588511701,462.745724565732,250.599023515123,0.0936075417684807,1.2829770599646,1.15415627436877,0.0317761762670861,0.01107567294737,0.333836727398464
"gas",1764.80671459771,5.04914696275662e-05,355256.043117007,0.0920032053286869,5.23055083779811e-05,0,64.7780584802481,19.5875178050077,174.410864003352,293.724385561,2.39005845236241,0.0597014617173566,30.8579998525094,83.0851838056843,0.712499743195581,0.956058681691236,0.0434092598716056,387.541331557905,247.848239737109,0.197143162532619,1.2829770599646,1.11757872141997,0.036819955166847,0.0079507035026387,0.358404266161155
"surface_weld",387.859516717618,0.0498960366767719,348929.617601494,0.0920369724648906,0.0886605134617521,0.632245692432056,40.8623013254848,11.6575289746783,112.939740353371,190.985002027399,2.47862230205633,0.101329118703966,19.3415649246422,53.2423905111801,0.702580151204315,0.953542057039388,0.0717731443530493,510.470053033157,247.166480168045,0.0362485141358009,2.048911571358,1.08482766171341,0.0352117268028029,0.00622764034636452,0.295976203623297
"capillary_bridge",387.859516717618,0.0498960366767719,348929.617601494,0.0920369724648906,0.100759123551915,0.0177030018126959,38.8502921539786,10.9836807549566,107.5402809775,181.856762719196,2.4853506851339,0.106105238467339,18.4125456563951,50.7709407477959,0.720558102666349,0.946190584619744,0.0917145263533153,463.162110742664,247.210601225688,0.0665583174282012,1.29990451307229,1.13031649163633,0.0326504721666665,0.00945083285919352,0.346838195719333
