"template","RED","bp_C","RTF_chem","d50_um","d90_um","pore_um","porosity","theta_skin","solv_ret","f_burst","Tg_K","X_moist","rho_tap"
"butyl_acetate",1.19589140393265,126,0.123584621481818,15.8477986650682,32.2157183520965,1.1674978256523,0.0745720280084261,0.947518277084326,0.992126190226228,0,296.045382962685,0.00343153549312681,518.151359849173
"butyl_butyrate",1.33252579712364,166,0.0347147839652572,15.84770157227,32.2155210310189,1.16749994384078,0.0744452401961988,0.947518122137695,0.99994652849948,0,295.9949240455,0.00343153549312681,518.214111255842
