"cond","v_tip","solid_pct","wet_meas","wet_model","visc_meas","visc_model","dry_meas","dry_model_muted","dry_model_tmpl"
2,4.373,13.22,0.183,1.25,0.00529,0.0105,19.85,15.51,15.51
4,10.569,19.98,10.19,10.2,0.262797,0.2054,10.9,21.27,14.35
5,6.925,19.64,9.97,10.199,0.191541,0.2024,14.6,14.65,13.28
8,8.479,19.17,9.6,10.2,0.77019,0.2013,15.31,31.21,15.67
9,9.623,19.62,10.37,10.2,0.169321,0.2036,11.12,27.49,15.22
11,12.405,19.62,12,10.2,0.29853,0.2038,8.82,15.48,13.3
12,9.622,18.99,9.96,10.2,0.019937,0.2008,11.87,11.29,12.58
14,9.612,24.98,9.74,10.2,0.538157,0.2309,11.82,12.07,12.65
15,7.411,24.93,9.71,10.2,0.128854,0.2295,13.74,11.89,12.65
