"cond","v_tip","solid_pct","wet_meas","wet_model","visc_meas","visc_model","dry_meas","dry_model_muted","dry_model_tmpl"
2,4.373,13.22,0.183,1.25,0.00529,0.011,19.85,17.56,17.56
4,10.569,19.98,10.19,10.2,0.262797,0.2098,10.9,23.84,14.57
5,6.925,19.64,9.97,10.199,0.191541,0.2057,14.6,16.44,13.47
8,8.479,19.17,9.6,10.2,0.77019,0.2034,15.31,35.07,15.9
9,9.623,19.62,10.37,10.2,0.169321,0.207,11.12,30.82,15.45
11,12.405,19.62,12,10.2,0.29853,0.2072,8.82,17.31,13.49
12,9.622,18.99,9.96,10.2,0.019937,0.2025,11.87,12.64,12.76
14,9.612,24.98,9.74,10.2,0.538157,0.253,11.82,13.54,12.84
15,7.411,24.93,9.71,10.2,0.128854,0.2511,13.74,13.34,12.84
